{
    "Version": "2012-10-17",
    "Statement": [
      {
        "Sid": "AllowRequestsByOrgsIdentities",
        "Effect": "Allow",
        "Principal": "*",
        "Action": "*",
        "Resource": "*",
        "Condition": {
          "StringEquals": {
            "<IF THE CALL IS BY AN IDENTITY IN YOUR ORG>": "<TO_BE_FILLED>"
          }
        }
      },
      {
        "Sid": "AllowRequestsByAWSServicePrincipals",
        "Effect": "Allow",
        "Principal": "*",
        "Action": "*",
        "Resource": "*",
        "Condition": {
          "Bool": {
             "<IF THE CALL IS BY AN AWS SERVICE PRINCIPAL>": "<TO_BE_FILLED>"
          }
        }
      }
    ]
  }