{
    "Version": "2012-10-17",
    "Statement": [
      {
        "Sid":"EnforceOrgsIdentities",
        "Effect": "Deny",
        "Principal": "*",
        "Action": "s3:*",
        "Resource": [
          "arn:aws:s3:::<TO_BE_FILLED>",
          "arn:aws:s3:::<TO_BE_FILLED>/*"
         ],
        "Condition": {
          "StringNotEqualsIfExists": {
            "<IF THE CALL IS BY AN IDENTITY IN YOUR ORG>": "<TO_BE_FILLED>"
          },
          "BoolIfExists": {
            "<IF THE CALL IS BY AN AWS SERVICE PRINCIPAL>": "<TO_BE_FILLED>"
          }
        }
      },
      {
        "Sid": "EnforceConfusedDeputyProtection",
        "Effect": "Deny",
        "Principal": "*",
        "Action": "s3:*",
        "Resource": [
          "arn:aws:s3:::<TO_BE_FILLED>",
          "arn:aws:s3:::<TO_BE_FILLED>/*"
         ],
        "Condition": {
          "StringNotEqualsIfExists": {
            "<IF THE CALL IS ON YOUR BEHALF>": "<TO_BE_FILLED>"
          },
          "Bool": {
            "<IF THE CALL IS BY AN AWS SERVICE PRINCIPAL>": "<TO_BE_FILLED>"
          }
        }
      }
    ]
  }
