{
    "Version": "2012-10-17",
    "Statement": [
      {
        "Effect": "Deny",
        "Action": "*",
        "Resource": "*",
        "Condition": {
          "NotIpAddressIfExists": {
            "<IF THE CALL COMES FROM YOUR IP>": "<TO_BE_FILLED>"
          },
          "StringNotEqualsIfExists": {
            "<IF THE CALL COMES FROM YOUR VPC>": "<TO_BE_FILLED>"
          },
          "BoolIfExists": {
             "<IF THE CALL IS BY AN AWS SERVICE ON YOUR BEHALF>": "<TO_BE_FILLED>"
          },
          "StringEquals": {
            "aws:PrincipalTag/<TO_BE_FILLED>": "<TO_BE_FILLED>"
          }
        }
      }
    ]
  }